{
  "id": "transform-your-attributes",
  "type": "trail",
  "icon_url": "https://safe--c.documentforce.com/sfc/dist/version/renditionDownload?rendition=ORIGINAL_Png&versionId=0684Q00000BPjgy&operationContext=DELIVERY&contentId=05T4Q00000hUEOs&page=0&d=/a/4Q000000NO2Y/HbyINc._rr_7CCVd9HoAA88LtFwy_mtuy6DIscC_P6g&oid=00D30000000ePES&dpt=null&viewId=",
  "color": "#C57b57",
  "title": "${trails.transform-your-attributes.title}",
  "about": "${trails.transform-your-attributes.about}",
  "description": "${trails.transform-your-attributes.description}",
  "filters": {
    "levels": [
      "beginner"
    ],
    "products": [
      "general"
    ],
    "roles": [
      "dev"
    ],
    "tags": [
      "integration"
    ]
  },
  "modules": [
    "filter-your-data",
    "join-your-tables"
  ]
}