{
  "id": "create-no-code-web-apps",
  "type": "module",
  "title": "${modules.create-no-code-web-apps.title}",
  "description": "${modules.create-no-code-web-apps.description}",
  "badge_title": "${modules.create-no-code-web-apps.badge_title}",
  "badge_url": "https://s3.amazonaws.com/FMETraining/myTrailhead/badges/create-no-code-web-apps.png",
  "social": {
    
  },
  "filters": {
    "tags": [
      "integration"
    ]
  },
  "category_filters": [
    "027a470c-9206-68b7-02ee-e54d1ed3d2e3",
    "0278ca45-b5ce-9d5b-acc6-3deadbbedcad",
    "0278ca45-b913-1bee-b847-57a25919ab87"
  ],
  "units": [
    {
      "id": "share-workspaces-as-apps",
      "title": "${modules.create-no-code-web-apps.units.share-workspaces-as-apps.title}",
      "completion_time_mins": 10,
      "points": {
        "integration": 100
      },
      "success": "${modules.create-no-code-web-apps.units.share-workspaces-as-apps.success}"
    },
    {
      "id": "exercise-create-an-fme-server-app",
      "title": "${modules.create-no-code-web-apps.units.exercise-create-an-fme-server-app.title}",
      "completion_time_mins": 10,
      "points": {
        "integration": 100
      },
      "success": "${modules.create-no-code-web-apps.units.exercise-create-an-fme-server-app.success}"
    },
    {
      "id": "exercise-customize-an-fme-server-app",
      "title": "${modules.create-no-code-web-apps.units.exercise-customize-an-fme-server-app.title}",
      "completion_time_mins": 10,
      "points": {
        "integration": 100
      },
      "success": "${modules.create-no-code-web-apps.units.exercise-customize-an-fme-server-app.success}"
    },
    {
      "id": "use-gallery-apps",
      "title": "${modules.create-no-code-web-apps.units.use-gallery-apps.title}",
      "completion_time_mins": 5,
      "points": {
        "integration": 50
      },
      "success": "${modules.create-no-code-web-apps.units.use-gallery-apps.success}"
    }
  ]
}