{
  "id": "filter-and-join-your-spatial-data",
  "type": "module",
  "title": "${modules.filter-and-join-your-spatial-data.title}",
  "description": "${modules.filter-and-join-your-spatial-data.description}",
  "badge_title": "${modules.filter-and-join-your-spatial-data.badge_title}",
  "badge_url": "https://via.placeholder.com/150",
  "social": {
    
  },
  "filters": {
    "levels": [
      "beginner"
    ],
    "products": [
      "general"
    ],
    "roles": [
      "dev"
    ],
    "tags": [
      "integration"
    ]
  },
  "units": [
    {
      "id": "spatial-joining-and-filtering-transformers",
      "title": "${modules.filter-and-join-your-spatial-data.units.spatial-joining-and-filtering-transformers.title}",
      "completion_time_mins": 10,
      "points": {
        "integration": 100
      },
      "success": "${modules.filter-and-join-your-spatial-data.units.spatial-joining-and-filtering-transformers.success}"
    },
    {
      "id": "exercise-join-your-spatial-data",
      "title": "${modules.filter-and-join-your-spatial-data.units.exercise-join-your-spatial-data.title}",
      "completion_time_mins": 10,
      "points": {
        "integration": 100
      },
      "success": "${modules.filter-and-join-your-spatial-data.units.exercise-join-your-spatial-data.success}"
    }
  ]
}