{
  "id": "optimize-workspace-performance",
  "type": "module",
  "title": "${modules.optimize-workspace-performance.title}",
  "description": "${modules.optimize-workspace-performance.description}",
  "badge_title": "${modules.optimize-workspace-performance.badge_title}",
  "badge_url": "https://via.placeholder.com/150",
  "social": {
    
  },
  "filters": {
    "levels": [
      "intermediate"
    ],
    "roles": [
      "dev"
    ],
    "tags": [
      "integration"
    ]
  },
  "category_filters": [
    "027a470c-28d1-8207-d426-22bb0bf30ff7",
    "027a470c-9206-68b7-02ee-e54d1ed3d2e3"
  ],
  "units": [
    {
      "id": "optimize-reader-performance",
      "title": "${modules.optimize-workspace-performance.units.optimize-reader-performance.title}",
      "completion_time_mins": 5,
      "points": {
        "integration": 50
      },
      "success": "${modules.optimize-workspace-performance.units.optimize-reader-performance.success}"
    },
    {
      "id": "optimize-writer-performance",
      "title": "${modules.optimize-workspace-performance.units.optimize-writer-performance.title}",
      "completion_time_mins": 5,
      "points": {
        "integration": 50
      },
      "success": "${modules.optimize-workspace-performance.units.optimize-writer-performance.success}"
    },
    {
      "id": "optimize-transformer-performance",
      "title": "${modules.optimize-workspace-performance.units.optimize-transformer-performance.title}",
      "completion_time_mins": 10,
      "points": {
        "integration": 100
      },
      "success": "${modules.optimize-workspace-performance.units.optimize-transformer-performance.success}"
    },
    {
      "id": "exercise-improve-performance",
      "title": "${modules.optimize-workspace-performance.units.exercise-improve-performance.title}",
      "completion_time_mins": 15,
      "points": {
        "integration": 150
      },
      "success": "${modules.optimize-workspace-performance.units.exercise-improve-performance.success}"
    },
    {
      "id": "optimize-database-performance",
      "title": "${modules.optimize-workspace-performance.units.optimize-database-performance.title}",
      "completion_time_mins": 5,
      "points": {
        "integration": 50
      },
      "success": "${modules.optimize-workspace-performance.units.optimize-database-performance.success}"
    },
    {
      "id": "exercise-optimize-database-performance",
      "title": "${modules.optimize-workspace-performance.units.exercise-optimize-database-performance.title}",
      "completion_time_mins": 15,
      "points": {
        "integration": 150
      },
      "success": "${modules.optimize-workspace-performance.units.exercise-optimize-database-performance.success}"
    },
    {
      "id": "optimize-fme-server-performance",
      "title": "${modules.optimize-workspace-performance.units.optimize-fme-server-performance.title}",
      "completion_time_mins": 5,
      "points": {
        "integration": 50
      },
      "success": "${modules.optimize-workspace-performance.units.optimize-fme-server-performance.success}"
    }
  ]
}