{
  "id": "join-your-tables",
  "type": "module",
  "title": "${modules.join-your-tables.title}",
  "description": "${modules.join-your-tables.description}",
  "badge_title": "${modules.join-your-tables.badge_title}",
  "badge_url": "https://safe--c.documentforce.com/sfc/dist/version/renditionDownload?rendition=ORIGINAL_Png&versionId=0684Q00000BQSbf&operationContext=DELIVERY&contentId=05T4Q00000i4oBm&page=0&d=/a/4Q000000NOBu/bt1Rw_IoDRidglkhhkcs16U3A_GrYGttqWUFCn89T2Q&oid=00D30000000ePES&dpt=null&viewId=",
  "social": {
    
  },
  "filters": {
    "levels": [
      "beginner"
    ],
    "products": [
      "general"
    ],
    "roles": [
      "dev"
    ],
    "tags": [
      "integration"
    ]
  },
  "units": [
    {
      "id": "what-is-a-data-join",
      "title": "${modules.join-your-tables.units.what-is-a-data-join.title}",
      "completion_time_mins": 5,
      "points": {
        "integration": 50
      },
      "success": "${modules.join-your-tables.units.what-is-a-data-join.success}"
    },
    {
      "id": "choose-a-join-transformer",
      "title": "${modules.join-your-tables.units.choose-a-join-transformer.title}",
      "completion_time_mins": 10,
      "points": {
        "integration": 10
      },
      "success": "${modules.join-your-tables.units.choose-a-join-transformer.success}"
    },
    {
      "id": "exercise-join-tables",
      "title": "${modules.join-your-tables.units.exercise-join-tables.title}",
      "completion_time_mins": 10,
      "points": {
        "integration": 100
      },
      "success": "${modules.join-your-tables.units.exercise-join-tables.success}"
    }
  ]
}