{
  "id": "join-your-tables",
  "type": "module",
  "title": "${modules.join-your-tables.title}",
  "description": "${modules.join-your-tables.description}",
  "badge_title": "${modules.join-your-tables.badge_title}",
  "badge_url": "https://via.placeholder.com/150",
  "social": {
    
  },
  "filters": {
    "levels": [
      "beginner"
    ],
    "products": [
      "general"
    ],
    "roles": [
      "dev"
    ],
    "tags": [
      "integration"
    ]
  },
  "units": [
    {
      "id": "what-is-a-data-join",
      "title": "${modules.join-your-tables.units.what-is-a-data-join.title}",
      "completion_time_mins": 5,
      "points": {
        "integration": 50
      },
      "success": "${modules.join-your-tables.units.what-is-a-data-join.success}"
    },
    {
      "id": "choose-a-join-transformer",
      "title": "${modules.join-your-tables.units.choose-a-join-transformer.title}",
      "completion_time_mins": 10,
      "points": {
        "integration": 10
      },
      "success": "${modules.join-your-tables.units.choose-a-join-transformer.success}"
    },
    {
      "id": "exercise-join-tables",
      "title": "${modules.join-your-tables.units.exercise-join-tables.title}",
      "completion_time_mins": 10,
      "points": {
        "integration": 100
      },
      "success": "${modules.join-your-tables.units.exercise-join-tables.success}"
    }
  ]
}