{
  "id": "filter-your-data",
  "type": "module",
  "title": "${modules.filter-your-data.title}",
  "description": "${modules.filter-your-data.description}",
  "badge_title": "${modules.filter-your-data.badge_title}",
  "badge_url": "https://bit.ly/3kS5fPL",
  "social": {
    
  },
  "filters": {
    "levels": [
      "beginner"
    ],
    "products": [
      "general"
    ],
    "roles": [
      "dev"
    ],
    "tags": [
      "integration"
    ]
  },
  "units": [
    {
      "id": "what-is-conditional-filtering",
      "title": "${modules.filter-your-data.units.what-is-conditional-filtering.title}",
      "completion_time_mins": 5,
      "points": {
        "integration": 50
      },
      "success": "${modules.filter-your-data.units.what-is-conditional-filtering.success}"
    },
    {
      "id": "basic-filter-transformers",
      "title": "${modules.filter-your-data.units.basic-filter-transformers.title}",
      "completion_time_mins": 10,
      "points": {
        "integration": 100
      },
      "success": "${modules.filter-your-data.units.basic-filter-transformers.success}"
    },
    {
      "id": "additional-filtering-transformers",
      "title": "${modules.filter-your-data.units.additional-filtering-transformers.title}",
      "completion_time_mins": 5,
      "points": {
        "integration": 50
      },
      "success": "${modules.filter-your-data.units.additional-filtering-transformers.success}"
    },
    {
      "id": "exercise-use-conditional-filtering",
      "title": "${modules.filter-your-data.units.exercise-use-conditional-filtering.title}",
      "completion_time_mins": 15,
      "points": {
        "integration": 150
      },
      "success": "${modules.filter-your-data.units.exercise-use-conditional-filtering.success}"
    },
    {
      "id": "how-do-i-process-data-in-groups",
      "title": "${modules.filter-your-data.units.how-do-i-process-data-in-groups.title}",
      "completion_time_mins": 5,
      "points": {
        "integration": 50
      },
      "success": "${modules.filter-your-data.units.how-do-i-process-data-in-groups.success}"
    },
    {
      "id": "exercise-process-data-in-groups",
      "title": "${modules.filter-your-data.units.exercise-process-data-in-groups.title}",
      "completion_time_mins": 5,
      "points": {
        "integration": 50
      },
      "success": "${modules.filter-your-data.units.exercise-process-data-in-groups.success}"
    }
  ]
}