{
  "id": "design-workspaces-for-advanced-reading-and-writing",
  "type": "module",
  "title": "${modules.design-workspaces-for-advanced-reading-and-writing.title}",
  "description": "${modules.design-workspaces-for-advanced-reading-and-writing.description}",
  "badge_title": "${modules.design-workspaces-for-advanced-reading-and-writing.badge_title}",
  "badge_url": "https://s3.amazonaws.com/FMETraining/myTrailhead/badges/authoring-more-advanced-workspaces.png",
  "social": {
    
  },
  "filters": {
    "levels": [
      "intermediate"
    ],
    "roles": [
      "dev"
    ],
    "tags": [
      "integration"
    ]
  },
  "category_filters": [
    "027a470c-28d1-8207-d426-22bb0bf30ff7"
  ],
  "units": [
    {
      "id": "use-prototyping-and-incremental-development",
      "title": "${modules.design-workspaces-for-advanced-reading-and-writing.units.use-prototyping-and-incremental-development.title}",
      "completion_time_mins": 10,
      "points": {
        "integration": 100
      },
      "success": "${modules.design-workspaces-for-advanced-reading-and-writing.units.use-prototyping-and-incremental-development.success}"
    },
    {
      "id": "exercise-workspace-prototyping",
      "title": "${modules.design-workspaces-for-advanced-reading-and-writing.units.exercise-workspace-prototyping.title}",
      "completion_time_mins": 20,
      "points": {
        "integration": 200
      },
      "success": "${modules.design-workspaces-for-advanced-reading-and-writing.units.exercise-workspace-prototyping.success}"
    },
    {
      "id": "understand-workspace-structure",
      "title": "${modules.design-workspaces-for-advanced-reading-and-writing.units.understand-workspace-structure.title}",
      "completion_time_mins": 5,
      "points": {
        "integration": 50
      },
      "success": "${modules.design-workspaces-for-advanced-reading-and-writing.units.understand-workspace-structure.success}"
    },
    {
      "id": "create-workspaces-with-multiple-readers-and-writers",
      "title": "${modules.design-workspaces-for-advanced-reading-and-writing.units.create-workspaces-with-multiple-readers-and-writers.title}",
      "completion_time_mins": 10,
      "points": {
        "integration": 100
      },
      "success": "${modules.design-workspaces-for-advanced-reading-and-writing.units.create-workspaces-with-multiple-readers-and-writers.success}"
    },
    {
      "id": "exercise-use-multiple-readers-and-writers",
      "title": "${modules.design-workspaces-for-advanced-reading-and-writing.units.exercise-use-multiple-readers-and-writers.title}",
      "completion_time_mins": 20,
      "points": {
        "integration": 200
      },
      "success": "${modules.design-workspaces-for-advanced-reading-and-writing.units.exercise-use-multiple-readers-and-writers.success}"
    },
    {
      "id": "test-your-workspace-with-partial-runs",
      "title": "${modules.design-workspaces-for-advanced-reading-and-writing.units.test-your-workspace-with-partial-runs.title}",
      "completion_time_mins": 5,
      "points": {
        "integration": 50
      },
      "success": "${modules.design-workspaces-for-advanced-reading-and-writing.units.test-your-workspace-with-partial-runs.success}"
    },
    {
      "id": "exercise-use-partial-runs-to-test-your-workspace",
      "title": "${modules.design-workspaces-for-advanced-reading-and-writing.units.exercise-use-partial-runs-to-test-your-workspace.title}",
      "completion_time_mins": 15,
      "points": {
        "integration": 150
      },
      "success": "${modules.design-workspaces-for-advanced-reading-and-writing.units.exercise-use-partial-runs-to-test-your-workspace.success}"
    }
  ]
}