{
  "id": "connect-your-data",
  "type": "module",
  "title": "${modules.connect-your-data.title}",
  "description": "${modules.connect-your-data.description}",
  "badge_title": "${modules.connect-your-data.badge_title}",
  "badge_url": "https://safe--c.documentforce.com/sfc/dist/version/renditionDownload?rendition=ORIGINAL_Png&versionId=0684Q00000BPHOH&operationContext=DELIVERY&contentId=05T4Q00000hRqLW&page=0&d=/a/4Q000000NNt2/ckbs8yQ7IpMjOambFwr50w5I5N.H4v0MK0hJa02o9rA&oid=00D30000000ePES&dpt=null&viewId=",
  "social": {
    
  },
  "filters": {
    "levels": [
      "beginner"
    ],
    "products": [
      "general"
    ],
    "roles": [
      "dev"
    ],
    "tags": [
      "integration"
    ]
  },
  "units": [
    {
      "id": "connect-and-view-your-data",
      "title": "${modules.connect-your-data.units.connect-and-view-your-data.title}",
      "completion_time_mins": 10,
      "points": {
        "integration": 100
      },
      "success": "${modules.connect-your-data.units.connect-and-view-your-data.success}",
      "challenge": {
        "title": "${modules.connect-your-data.units.connect-and-view-your-data.challenge.title}",
        "description": "${modules.connect-your-data.units.connect-and-view-your-data.challenge.description}"
      }
    },
    {
      "id": "write-your-data-basic-troubleshooting",
      "title": "${modules.connect-your-data.units.write-your-data-basic-troubleshooting.title}",
      "completion_time_mins": 10,
      "points": {
        "integration": 100
      },
      "success": "${modules.connect-your-data.units.write-your-data-basic-troubleshooting.success}",
      "challenge": {
        "title": "${modules.connect-your-data.units.write-your-data-basic-troubleshooting.challenge.title}",
        "description": "${modules.connect-your-data.units.write-your-data-basic-troubleshooting.challenge.description}"
      }
    },
    {
      "id": "bringing-together-multiple-streams",
      "title": "${modules.connect-your-data.units.bringing-together-multiple-streams.title}",
      "completion_time_mins": 10,
      "points": {
        "integration": 100
      },
      "success": "${modules.connect-your-data.units.bringing-together-multiple-streams.success}",
      "challenge": {
        "title": "${modules.connect-your-data.units.bringing-together-multiple-streams.challenge.title}",
        "description": "${modules.connect-your-data.units.bringing-together-multiple-streams.challenge.description}"
      }
    },
    {
      "id": "document-your-workspace",
      "title": "${modules.connect-your-data.units.document-your-workspace.title}",
      "completion_time_mins": 5,
      "points": {
        "integration": 50
      },
      "success": "${modules.connect-your-data.units.document-your-workspace.success}",
      "challenge": {
        "title": "${modules.connect-your-data.units.document-your-workspace.challenge.title}",
        "description": "${modules.connect-your-data.units.document-your-workspace.challenge.description}"
      }
    },
    {
      "id": "view-your-data-with-a-background-map",
      "title": "${modules.connect-your-data.units.view-your-data-with-a-background-map.title}",
      "completion_time_mins": 5,
      "points": {
        "integration": 50
      },
      "success": "${modules.connect-your-data.units.view-your-data-with-a-background-map.success}",
      "challenge": {
        "title": "${modules.connect-your-data.units.view-your-data-with-a-background-map.challenge.title}",
        "description": "${modules.connect-your-data.units.view-your-data-with-a-background-map.challenge.description}"
      }
    },
    {
      "id": "interactively-view-spatial-data",
      "title": "${modules.connect-your-data.units.interactively-view-spatial-data.title}",
      "completion_time_mins": 10,
      "points": {
        "integration": 100
      },
      "success": "${modules.connect-your-data.units.interactively-view-spatial-data.success}",
      "challenge": {
        "title": "${modules.connect-your-data.units.interactively-view-spatial-data.challenge.title}",
        "description": "${modules.connect-your-data.units.interactively-view-spatial-data.challenge.description}"
      }
    },
    {
      "id": "view-data-as-a-table",
      "title": "${modules.connect-your-data.units.view-data-as-a-table.title}",
      "completion_time_mins": 5,
      "points": {
        "integration": 50
      },
      "success": "${modules.connect-your-data.units.view-data-as-a-table.success}",
      "challenge": {
        "title": "${modules.connect-your-data.units.view-data-as-a-table.challenge.title}",
        "description": "${modules.connect-your-data.units.view-data-as-a-table.challenge.description}"
      }
    },
    {
      "id": "view-information-about-a-specific-feature",
      "title": "${modules.connect-your-data.units.view-information-about-a-specific-feature.title}",
      "completion_time_mins": 10,
      "points": {
        "integration": 100
      },
      "success": "${modules.connect-your-data.units.view-information-about-a-specific-feature.success}",
      "challenge": {
        "title": "${modules.connect-your-data.units.view-information-about-a-specific-feature.challenge.title}",
        "description": "${modules.connect-your-data.units.view-information-about-a-specific-feature.challenge.description}"
      }
    },
    {
      "id": "interactively-view-3d-data",
      "title": "${modules.connect-your-data.units.interactively-view-3d-data.title}",
      "completion_time_mins": 5,
      "points": {
        "integration": 50
      },
      "success": "${modules.connect-your-data.units.interactively-view-3d-data.success}",
      "challenge": {
        "title": "${modules.connect-your-data.units.interactively-view-3d-data.challenge.title}",
        "description": "${modules.connect-your-data.units.interactively-view-3d-data.challenge.description}"
      }
    }
  ]
}