{
  "id": "automate-your-workflows",
  "type": "module",
  "title": "${modules.automate-your-workflows.title}",
  "description": "${modules.automate-your-workflows.description}",
  "badge_title": "${modules.automate-your-workflows.badge_title}",
  "badge_url": "https://i.imgur.com/kI6LLnt.png",
  "social": {
    
  },
  "filters": {
    "levels": [
      "beginner"
    ],
    "products": [
      "general"
    ],
    "roles": [
      "dev"
    ],
    "tags": [
      "integration"
    ]
  },
  "units": [
    {
      "id": "create-a-self-serve-workspace-for-the-web",
      "title": "${modules.automate-your-workflows.units.create-a-self-serve-workspace-for-the-web.title}",
      "completion_time_mins": 10,
      "points": {
        "integration": 100
      },
      "success": "${modules.automate-your-workflows.units.create-a-self-serve-workspace-for-the-web.success}",
      "challenge": {
        "title": "${modules.automate-your-workflows.units.create-a-self-serve-workspace-for-the-web.challenge.title}",
        "description": "${modules.automate-your-workflows.units.create-a-self-serve-workspace-for-the-web.challenge.description}"
      }
    },
    {
      "id": "publish-your-self-serve-workspace-to-the-web",
      "title": "${modules.automate-your-workflows.units.publish-your-self-serve-workspace-to-the-web.title}",
      "completion_time_mins": 20,
      "points": {
        "integration": 100
      },
      "success": "${modules.automate-your-workflows.units.publish-your-self-serve-workspace-to-the-web.success}",
      "challenge": {
        "title": "${modules.automate-your-workflows.units.publish-your-self-serve-workspace-to-the-web.challenge.title}",
        "description": "${modules.automate-your-workflows.units.publish-your-self-serve-workspace-to-the-web.challenge.description}"
      }
    },
    {
      "id": "run-a-workspace-on-the-web",
      "title": "${modules.automate-your-workflows.units.run-a-workspace-on-the-web.title}",
      "completion_time_mins": 5,
      "points": {
        "integration": 100
      },
      "success": "${modules.automate-your-workflows.units.run-a-workspace-on-the-web.success}",
      "challenge": {
        "title": "${modules.automate-your-workflows.units.run-a-workspace-on-the-web.challenge.title}",
        "description": "${modules.automate-your-workflows.units.run-a-workspace-on-the-web.challenge.description}"
      }
    },
    {
      "id": "automate-your-workflows-on-a-schedule",
      "title": "${modules.automate-your-workflows.units.automate-your-workflows-on-a-schedule.title}",
      "completion_time_mins": 10,
      "points": {
        "integration": 100
      },
      "success": "${modules.automate-your-workflows.units.automate-your-workflows-on-a-schedule.success}",
      "challenge": {
        "title": "${modules.automate-your-workflows.units.automate-your-workflows-on-a-schedule.challenge.title}",
        "description": "${modules.automate-your-workflows.units.automate-your-workflows-on-a-schedule.challenge.description}"
      }
    },
    {
      "id": "create-a-self-serve-web-app",
      "title": "${modules.automate-your-workflows.units.create-a-self-serve-web-app.title}",
      "completion_time_mins": 10,
      "points": {
        "integration": 100
      },
      "success": "${modules.automate-your-workflows.units.create-a-self-serve-web-app.success}",
      "challenge": {
        "title": "${modules.automate-your-workflows.units.create-a-self-serve-web-app.challenge.title}",
        "description": "${modules.automate-your-workflows.units.create-a-self-serve-web-app.challenge.description}"
      }
    }
  ]
}