{
  "id": "integrate-your-data-with-the-fme-platform",
  "type": "trail",
  "icon_url": "https://safe--c.documentforce.com/sfc/dist/version/renditionDownload?rendition=ORIGINAL_Png&versionId=0684Q00000BPHWd&operationContext=DELIVERY&contentId=05T4Q00000hRqmF&page=0&d=/a/4Q000000NNtH/8vd7zs_BUEgCcQAD5pT7wrzf8LbybLpowZUNt36IDwE&oid=00D30000000ePES&dpt=null&viewId=",
  "color": "#F36C00",
  "title": "${trails.integrate-your-data-with-the-fme-platform.title}",
  "about": "${trails.integrate-your-data-with-the-fme-platform.about}",
  "description": "${trails.integrate-your-data-with-the-fme-platform.description}",
  "filters": {
    "levels": [
      "beginner"
    ],
    "products": [
      "general"
    ],
    "roles": [
      "admin",
      "user",
      "dev"
    ],
    "tags": [
      "integration"
    ]
  },
  "modules": [
    "why-data-integration",
    "connect-your-data",
    "transform-your-data",
    "automate-your-workflows"
  ]
}