{
  "id": "build-versatile-automations",
  "type": "module",
  "title": "${modules.build-versatile-automations.title}",
  "description": "${modules.build-versatile-automations.description}",
  "badge_title": "${modules.build-versatile-automations.badge_title}",
  "badge_url": "https://s3.amazonaws.com/FMETraining/myTrailhead/badges/build-versatile-automations.png",
  "social": {
    
  },
  "filters": {
    "tags": []
  },
  "category_filters": [
    "0278ca45-b847-e1e8-cfdb-a51420e7efe8",
    "027e1f98-9fbf-d82d-b2a7-24cd7041a5d9",
    "0278ca45-b913-1bee-b847-57a25919ab87",
    "027a470c-9206-68b7-02ee-e54d1ed3d2e3",
    "0278ca45-b5ce-9d5b-acc6-3deadbbedcad"
  ],
  "units": [
    {
      "id": "run-workspaces-with-directory-watch-triggers",
      "title": "${modules.build-versatile-automations.units.run-workspaces-with-directory-watch-triggers.title}",
      "completion_time_mins": 5,
      "points": {
        "integration": 50
      },
      "success": "${modules.build-versatile-automations.units.run-workspaces-with-directory-watch-triggers.success}",
      "challenge": {
        "title": "${modules.build-versatile-automations.units.run-workspaces-with-directory-watch-triggers.challenge.title}",
        "description": "${modules.build-versatile-automations.units.run-workspaces-with-directory-watch-triggers.challenge.description}"
      }
    },
    {
      "id": "exercise-create-a-resources-or-network-directory-watch-automation",
      "title": "${modules.build-versatile-automations.units.exercise-create-a-resources-or-network-directory-watch-automation.title}",
      "completion_time_mins": 10,
      "points": {
        "integration": 100
      },
      "success": "${modules.build-versatile-automations.units.exercise-create-a-resources-or-network-directory-watch-automation.success}",
      "challenge": {
        "title": "${modules.build-versatile-automations.units.exercise-create-a-resources-or-network-directory-watch-automation.challenge.title}",
        "description": "${modules.build-versatile-automations.units.exercise-create-a-resources-or-network-directory-watch-automation.challenge.description}"
      }
    },
    {
      "id": "exercise-process-resource-or-network-directory-messages",
      "title": "${modules.build-versatile-automations.units.exercise-process-resource-or-network-directory-messages.title}",
      "completion_time_mins": 10,
      "points": {
        "integration": 100
      },
      "success": "${modules.build-versatile-automations.units.exercise-process-resource-or-network-directory-messages.success}",
      "challenge": {
        "title": "${modules.build-versatile-automations.units.exercise-process-resource-or-network-directory-messages.challenge.title}",
        "description": "${modules.build-versatile-automations.units.exercise-process-resource-or-network-directory-messages.challenge.description}"
      }
    },
    {
      "id": "run-workspaces-on-a-schedule",
      "title": "${modules.build-versatile-automations.units.run-workspaces-on-a-schedule.title}",
      "completion_time_mins": 10,
      "points": {
        "integration": 100
      },
      "success": "${modules.build-versatile-automations.units.run-workspaces-on-a-schedule.success}",
      "challenge": {
        "title": "${modules.build-versatile-automations.units.run-workspaces-on-a-schedule.challenge.title}",
        "description": "${modules.build-versatile-automations.units.run-workspaces-on-a-schedule.challenge.description}"
      }
    },
    {
      "id": "choose-smtp-or-imap-for-email-automations",
      "title": "${modules.build-versatile-automations.units.choose-smtp-or-imap-for-email-automations.title}",
      "completion_time_mins": 5,
      "points": {
        "general": 50
      },
      "success": "${modules.build-versatile-automations.units.choose-smtp-or-imap-for-email-automations.success}",
      "challenge": {
        "title": "${modules.build-versatile-automations.units.choose-smtp-or-imap-for-email-automations.challenge.title}",
        "description": "${modules.build-versatile-automations.units.choose-smtp-or-imap-for-email-automations.challenge.description}"
      }
    },
    {
      "id": "run-workspaces-with-email-triggers",
      "title": "${modules.build-versatile-automations.units.run-workspaces-with-email-triggers.title}",
      "completion_time_mins": 10,
      "points": {
        "integration": 100
      },
      "success": "${modules.build-versatile-automations.units.run-workspaces-with-email-triggers.success}",
      "challenge": {
        "title": "${modules.build-versatile-automations.units.run-workspaces-with-email-triggers.challenge.title}",
        "description": "${modules.build-versatile-automations.units.run-workspaces-with-email-triggers.challenge.description}"
      }
    },
    {
      "id": "exercise-run-a-workspace-in-response-to-incoming-email",
      "title": "${modules.build-versatile-automations.units.exercise-run-a-workspace-in-response-to-incoming-email.title}",
      "completion_time_mins": 10,
      "points": {
        "integration": 10
      },
      "success": "${modules.build-versatile-automations.units.exercise-run-a-workspace-in-response-to-incoming-email.success}",
      "challenge": {
        "title": "${modules.build-versatile-automations.units.exercise-run-a-workspace-in-response-to-incoming-email.challenge.title}",
        "description": "${modules.build-versatile-automations.units.exercise-run-a-workspace-in-response-to-incoming-email.challenge.description}"
      }
    }
  ]
}