{
  "id": "use-conditional-values",
  "type": "module",
  "title": "${modules.use-conditional-values.title}",
  "description": "${modules.use-conditional-values.description}",
  "badge_title": "${modules.use-conditional-values.badge_title}",
  "badge_url": "https://bit.ly/3fpZSGm",
  "social": {
    
  },
  "filters": {
    "levels": [
      "beginner"
    ],
    "products": [
      "general"
    ],
    "roles": [
      "dev"
    ],
    "tags": [
      "integration"
    ]
  },
  "units": [
    {
      "id": "what-are-conditional-attribute-values",
      "title": "${modules.use-conditional-values.units.what-are-conditional-attribute-values.title}",
      "completion_time_mins": 5,
      "points": {
        "integration": 50
      },
      "success": "${modules.use-conditional-values.units.what-are-conditional-attribute-values.success}"
    },
    {
      "id": "exercise-flood-risk-project",
      "title": "${modules.use-conditional-values.units.exercise-flood-risk-project.title}",
      "completion_time_mins": 20,
      "points": {
        "integration": 200
      },
      "success": "${modules.use-conditional-values.units.exercise-flood-risk-project.success}"
    }
  ]
}