{
  "id": "build-basic-self-serve-workflows",
  "type": "module",
  "title": "${modules.build-basic-self-serve-workflows.title}",
  "description": "${modules.build-basic-self-serve-workflows.description}",
  "badge_title": "${modules.build-basic-self-serve-workflows.badge_title}",
  "badge_url": "https://via.placeholder.com/150",
  "social": {
    
  },
  "filters": {
    "tags": [
      "integration"
    ]
  },
  "category_filters": [
    "027a470c-9206-68b7-02ee-e54d1ed3d2e3",
    "0278ca45-b5ce-9d5b-acc6-3deadbbedcad",
    "0278ca45-b913-1bee-b847-57a25919ab87"
  ],
  "units": [
    {
      "id": "create-basic-self-serve-workflows",
      "title": "${modules.build-basic-self-serve-workflows.units.create-basic-self-serve-workflows.title}",
      "completion_time_mins": 10,
      "points": {
        "integration": 100
      },
      "success": "${modules.build-basic-self-serve-workflows.units.create-basic-self-serve-workflows.success}"
    },
    {
      "id": "configure-workflows-for-the-web",
      "title": "${modules.build-basic-self-serve-workflows.units.configure-workflows-for-the-web.title}",
      "completion_time_mins": 15,
      "points": {
        "integration": 150
      },
      "success": "${modules.build-basic-self-serve-workflows.units.configure-workflows-for-the-web.success}"
    },
    {
      "id": "exercise-create-a-simple-self-serve-portal",
      "title": "${modules.build-basic-self-serve-workflows.units.exercise-create-a-simple-self-serve-portal.title}",
      "completion_time_mins": 15,
      "points": {
        "integration": 200
      },
      "success": "${modules.build-basic-self-serve-workflows.units.exercise-create-a-simple-self-serve-portal.success}"
    }
  ]
}