{
  "id": "transform-your-data",
  "type": "module",
  "title": "${modules.transform-your-data.title}",
  "description": "${modules.transform-your-data.description}",
  "badge_title": "${modules.transform-your-data.badge_title}",
  "badge_url": "https://safe--c.documentforce.com/sfc/dist/version/renditionDownload?rendition=ORIGINAL_Png&versionId=0684Q00000BPHOM&operationContext=DELIVERY&contentId=05T4Q00000hRqLb&page=0&d=/a/4Q000000NNt7/MTJNY1a8vnbEmgIytS6BV67U5EcSb2sQ7fNcaP1rVEI&oid=00D30000000ePES&dpt=null&viewId=",
  "social": {
    
  },
  "filters": {
    "levels": [
      "beginner"
    ],
    "products": [
      "general"
    ],
    "roles": [
      "dev",
      "user"
    ],
    "tags": [
      "integration"
    ]
  },
  "units": [
    {
      "id": "quickly-create-a-conversion-workflow",
      "title": "${modules.transform-your-data.units.quickly-create-a-conversion-workflow.title}",
      "completion_time_mins": 10,
      "points": {
        "data-management": 100
      },
      "success": "${modules.transform-your-data.units.quickly-create-a-conversion-workflow.success}",
      "challenge": {
        "title": "${modules.transform-your-data.units.quickly-create-a-conversion-workflow.challenge.title}",
        "description": "${modules.transform-your-data.units.quickly-create-a-conversion-workflow.challenge.description}"
      }
    },
    {
      "id": "edit-your-datas-schema",
      "title": "${modules.transform-your-data.units.edit-your-datas-schema.title}",
      "completion_time_mins": 10,
      "points": {
        "integration": 100
      },
      "success": "${modules.transform-your-data.units.edit-your-datas-schema.success}",
      "challenge": {
        "title": "${modules.transform-your-data.units.edit-your-datas-schema.challenge.title}",
        "description": "${modules.transform-your-data.units.edit-your-datas-schema.challenge.description}"
      }
    },
    {
      "id": "map-your-datas-schema",
      "title": "${modules.transform-your-data.units.map-your-datas-schema.title}",
      "completion_time_mins": 10,
      "points": {
        "integration": 100
      },
      "success": "${modules.transform-your-data.units.map-your-datas-schema.success}",
      "challenge": {
        "title": "${modules.transform-your-data.units.map-your-datas-schema.challenge.title}",
        "description": "${modules.transform-your-data.units.map-your-datas-schema.challenge.description}"
      }
    },
    {
      "id": "author-and-debug-workspaces-efficiently",
      "title": "${modules.transform-your-data.units.author-and-debug-workspaces-efficiently.title}",
      "completion_time_mins": 10,
      "points": {
        "integration": 100
      },
      "success": "${modules.transform-your-data.units.author-and-debug-workspaces-efficiently.success}",
      "challenge": {
        "title": "${modules.transform-your-data.units.author-and-debug-workspaces-efficiently.challenge.title}",
        "description": "${modules.transform-your-data.units.author-and-debug-workspaces-efficiently.challenge.description}"
      }
    },
    {
      "id": "find-the-right-transformer",
      "title": "${modules.transform-your-data.units.find-the-right-transformer.title}",
      "completion_time_mins": 10,
      "points": {
        "integration": 100
      },
      "success": "${modules.transform-your-data.units.find-the-right-transformer.success}",
      "challenge": {
        "title": "${modules.transform-your-data.units.find-the-right-transformer.challenge.title}",
        "description": "${modules.transform-your-data.units.find-the-right-transformer.challenge.description}"
      }
    },
    {
      "id": "filter-your-data-by-attribute-values",
      "title": "${modules.transform-your-data.units.filter-your-data-by-attribute-values.title}",
      "completion_time_mins": 10,
      "points": {
        "integration": 100
      },
      "success": "${modules.transform-your-data.units.filter-your-data-by-attribute-values.success}",
      "challenge": {
        "title": "${modules.transform-your-data.units.filter-your-data-by-attribute-values.challenge.title}",
        "description": "${modules.transform-your-data.units.filter-your-data-by-attribute-values.challenge.description}"
      }
    }
  ]
}