{
  "id": "why-data-integration",
  "type": "module",
  "title": "${modules.why-data-integration.title}",
  "description": "${modules.why-data-integration.description}",
  "badge_title": "${modules.why-data-integration.badge_title}",
  "badge_url": "https://safe--c.documentforce.com/sfc/dist/version/renditionDownload?rendition=ORIGINAL_Png&versionId=0684Q00000BPHOD&operationContext=DELIVERY&contentId=05T4Q00000hRqLg&page=0&d=/a/4Q000000NNsx/xkvlPpukChEvNS1A09hwV6ZBEzZi.Y6Adz9ObQ.O17g&oid=00D30000000ePES&dpt=null&viewId=",
  "social": {
    
  },
  "filters": {
    "levels": [
      "beginner"
    ],
    "products": [
      "general"
    ],
    "roles": [
      "admin",
      "user",
      "dev"
    ],
    "tags": [
      "data-management"
    ]
  },
  "units": [
    {
      "id": "maximizing-the-value-of-your-data",
      "title": "${modules.why-data-integration.units.maximizing-the-value-of-your-data.title}",
      "completion_time_mins": 10,
      "points": {
        "integration": 100
      },
      "success": "${modules.why-data-integration.units.maximizing-the-value-of-your-data.success}",
      "challenge": {
        "title": "${modules.why-data-integration.units.maximizing-the-value-of-your-data.challenge.title}",
        "description": "${modules.why-data-integration.units.maximizing-the-value-of-your-data.challenge.description}"
      }
    },
    {
      "id": "who-uses-fme",
      "title": "${modules.why-data-integration.units.who-uses-fme.title}",
      "completion_time_mins": 5,
      "points": {
        "integration": 50
      },
      "success": "${modules.why-data-integration.units.who-uses-fme.success}",
      "challenge": {
        "title": "${modules.why-data-integration.units.who-uses-fme.challenge.title}",
        "description": "${modules.why-data-integration.units.who-uses-fme.challenge.description}"
      }
    },
    {
      "id": "integrate-data-across-your-organization",
      "title": "${modules.why-data-integration.units.integrate-data-across-your-organization.title}",
      "completion_time_mins": 10,
      "points": {
        "integration": 100
      },
      "success": "${modules.why-data-integration.units.integrate-data-across-your-organization.success}",
      "challenge": {
        "title": "${modules.why-data-integration.units.integrate-data-across-your-organization.challenge.title}",
        "description": "${modules.why-data-integration.units.integrate-data-across-your-organization.challenge.description}"
      }
    },
    {
      "id": "get-help-learning-and-using-fme",
      "title": "${modules.why-data-integration.units.get-help-learning-and-using-fme.title}",
      "completion_time_mins": 5,
      "points": {
        "integration": 50
      },
      "success": "${modules.why-data-integration.units.get-help-learning-and-using-fme.success}",
      "challenge": {
        "title": "${modules.why-data-integration.units.get-help-learning-and-using-fme.challenge.title}",
        "description": "${modules.why-data-integration.units.get-help-learning-and-using-fme.challenge.description}"
      }
    }
  ]
}