{
  "id": "create-and-modify-attributes",
  "type": "module",
  "title": "${modules.create-and-modify-attributes.title}",
  "description": "${modules.create-and-modify-attributes.description}",
  "badge_title": "${modules.create-and-modify-attributes.badge_title}",
  "badge_url": "https://s3.amazonaws.com/FMETraining/myTrailhead/create-and-modify-your-attributes-1.png",
  "social": {
    
  },
  "filters": {
    "levels": [
      "beginner"
    ],
    "products": [
      "general"
    ],
    "roles": [
      "dev"
    ],
    "tags": [
      "integration"
    ]
  },
  "units": [
    {
      "id": "attribute-managing-transformers",
      "title": "${modules.create-and-modify-attributes.units.attribute-managing-transformers.title}",
      "completion_time_mins": 5,
      "points": {
        "general": 50
      },
      "success": "${modules.create-and-modify-attributes.units.attribute-managing-transformers.success}",
      "challenge": {
        "title": "${modules.create-and-modify-attributes.units.attribute-managing-transformers.challenge.title}",
        "description": "${modules.create-and-modify-attributes.units.attribute-managing-transformers.challenge.description}"
      }
    },
    {
      "id": "creating-and-setting-attributes",
      "title": "${modules.create-and-modify-attributes.units.creating-and-setting-attributes.title}",
      "completion_time_mins": 5,
      "points": {
        "general": 50
      },
      "success": "${modules.create-and-modify-attributes.units.creating-and-setting-attributes.success}",
      "challenge": {
        "title": "${modules.create-and-modify-attributes.units.creating-and-setting-attributes.challenge.title}",
        "description": "${modules.create-and-modify-attributes.units.creating-and-setting-attributes.challenge.description}"
      }
    },
    {
      "id": "constructing-attributes",
      "title": "${modules.create-and-modify-attributes.units.constructing-attributes.title}",
      "completion_time_mins": 10,
      "points": {
        "general": 50
      },
      "success": "${modules.create-and-modify-attributes.units.constructing-attributes.success}",
      "challenge": {
        "title": "${modules.create-and-modify-attributes.units.constructing-attributes.challenge.title}",
        "description": "${modules.create-and-modify-attributes.units.constructing-attributes.challenge.description}"
      }
    },
    {
      "id": "constructing-transformer-parameters",
      "title": "${modules.create-and-modify-attributes.units.constructing-transformer-parameters.title}",
      "completion_time_mins": 5,
      "points": {
        "general": 50
      },
      "success": "${modules.create-and-modify-attributes.units.constructing-transformer-parameters.success}",
      "challenge": {
        "title": "${modules.create-and-modify-attributes.units.constructing-transformer-parameters.challenge.title}",
        "description": "${modules.create-and-modify-attributes.units.constructing-transformer-parameters.challenge.description}"
      }
    },
    {
      "id": "renaming-and-copying-attributes",
      "title": "${modules.create-and-modify-attributes.units.renaming-and-copying-attributes.title}",
      "completion_time_mins": 5,
      "points": {
        "general": 50
      },
      "success": "${modules.create-and-modify-attributes.units.renaming-and-copying-attributes.success}",
      "challenge": {
        "title": "${modules.create-and-modify-attributes.units.renaming-and-copying-attributes.challenge.title}",
        "description": "${modules.create-and-modify-attributes.units.renaming-and-copying-attributes.challenge.description}"
      }
    },
    {
      "id": "bulk-attribute-renaming",
      "title": "${modules.create-and-modify-attributes.units.bulk-attribute-renaming.title}",
      "completion_time_mins": 5,
      "points": {
        "general": 50
      },
      "success": "${modules.create-and-modify-attributes.units.bulk-attribute-renaming.success}",
      "challenge": {
        "title": "${modules.create-and-modify-attributes.units.bulk-attribute-renaming.challenge.title}",
        "description": "${modules.create-and-modify-attributes.units.bulk-attribute-renaming.challenge.description}"
      }
    },
    {
      "id": "removing-attributes",
      "title": "${modules.create-and-modify-attributes.units.removing-attributes.title}",
      "completion_time_mins": 5,
      "points": {
        "general": 50
      },
      "success": "${modules.create-and-modify-attributes.units.removing-attributes.success}",
      "challenge": {
        "title": "${modules.create-and-modify-attributes.units.removing-attributes.challenge.title}",
        "description": "${modules.create-and-modify-attributes.units.removing-attributes.challenge.description}"
      }
    },
    {
      "id": "exercise-create-and-modify-attributes",
      "title": "${modules.create-and-modify-attributes.units.exercise-create-and-modify-attributes.title}",
      "completion_time_mins": 10,
      "points": {
        "general": 100
      },
      "success": "${modules.create-and-modify-attributes.units.exercise-create-and-modify-attributes.success}",
      "challenge": {
        "title": "${modules.create-and-modify-attributes.units.exercise-create-and-modify-attributes.challenge.title}",
        "description": "${modules.create-and-modify-attributes.units.exercise-create-and-modify-attributes.challenge.description}"
      }
    }
  ]
}