{
  "id": "visually-compare-and-merge-workflows",
  "type": "module",
  "title": "${modules.visually-compare-and-merge-workflows.title}",
  "description": "${modules.visually-compare-and-merge-workflows.description}",
  "badge_title": "${modules.visually-compare-and-merge-workflows.badge_title}",
  "badge_url": "https://s3.amazonaws.com/FMETraining/myTrailhead/badges/visually-compare-and-merge-workflows.png",
  "social": {
    
  },
  "filters": {
    "tags": []
  },
  "category_filters": [
    "0278ca45-b913-1bee-b847-57a25919ab87",
    "027a470c-28d1-8207-d426-22bb0bf30ff7",
    "0278ca45-b5ce-9d5b-acc6-3deadbbedcad"
  ],
  "units": [
    {
      "id": "collaborate-on-data-integration-workflows",
      "title": "${modules.visually-compare-and-merge-workflows.units.collaborate-on-data-integration-workflows.title}",
      "completion_time_mins": 10,
      "points": {
        "general": 100
      },
      "success": "${modules.visually-compare-and-merge-workflows.units.collaborate-on-data-integration-workflows.success}",
      "challenge": {
        "title": "${modules.visually-compare-and-merge-workflows.units.collaborate-on-data-integration-workflows.challenge.title}",
        "description": "${modules.visually-compare-and-merge-workflows.units.collaborate-on-data-integration-workflows.challenge.description}"
      }
    },
    {
      "id": "compare-and-merge-workspaces",
      "title": "${modules.visually-compare-and-merge-workflows.units.compare-and-merge-workspaces.title}",
      "completion_time_mins": 10,
      "points": {
        "general": 100
      },
      "success": "${modules.visually-compare-and-merge-workflows.units.compare-and-merge-workspaces.success}",
      "challenge": {
        "title": "${modules.visually-compare-and-merge-workflows.units.compare-and-merge-workspaces.challenge.title}",
        "description": "${modules.visually-compare-and-merge-workflows.units.compare-and-merge-workspaces.challenge.description}"
      }
    },
    {
      "id": "exercise-compare-and-merge-workspaces",
      "title": "${modules.visually-compare-and-merge-workflows.units.exercise-compare-and-merge-workspaces.title}",
      "completion_time_mins": 10,
      "points": {
        "general": 100
      },
      "success": "${modules.visually-compare-and-merge-workflows.units.exercise-compare-and-merge-workspaces.success}",
      "challenge": {
        "title": "${modules.visually-compare-and-merge-workflows.units.exercise-compare-and-merge-workspaces.challenge.title}",
        "description": "${modules.visually-compare-and-merge-workflows.units.exercise-compare-and-merge-workspaces.challenge.description}"
      }
    }
  ]
}