{
  "id": "welcome-to-the-fme-academy",
  "type": "module",
  "title": "${modules.welcome-to-the-fme-academy.title}",
  "description": "${modules.welcome-to-the-fme-academy.description}",
  "badge_title": "${modules.welcome-to-the-fme-academy.badge_title}",
  "badge_url": "https://s3.amazonaws.com/FMETraining/myTrailhead/badges/welcome-to-the-fme-academy.png",
  "social": {
    
  },
  "filters": {
    "tags": [
      "general"
    ]
  },
  "category_filters": [
    "0278ca45-b6ec-0a3a-f639-fb6ef18847ea",
    "0278ca45-b538-ff11-db9e-e52ee7dfa8eb",
    "0278ca45-b7d3-f7e0-5d75-d0d6b1de0ba4",
    "0278ca45-b980-d69f-b5a9-4047efcbaf66",
    "0278ca45-b913-1bee-b847-57a25919ab87"
  ],
  "units": [
    {
      "id": "get-started-with-the-fme-academy",
      "title": "${modules.welcome-to-the-fme-academy.units.get-started-with-the-fme-academy.title}",
      "completion_time_mins": 5,
      "points": {
        "general": 50
      },
      "success": "${modules.welcome-to-the-fme-academy.units.get-started-with-the-fme-academy.success}",
      "challenge": {
        "title": "${modules.welcome-to-the-fme-academy.units.get-started-with-the-fme-academy.challenge.title}",
        "description": "${modules.welcome-to-the-fme-academy.units.get-started-with-the-fme-academy.challenge.description}"
      }
    },
    {
      "id": "find-your-way-around-the-fme-academy",
      "title": "${modules.welcome-to-the-fme-academy.units.find-your-way-around-the-fme-academy.title}",
      "completion_time_mins": 10,
      "points": {
        "general": 100
      },
      "success": "${modules.welcome-to-the-fme-academy.units.find-your-way-around-the-fme-academy.success}",
      "challenge": {
        "title": "${modules.welcome-to-the-fme-academy.units.find-your-way-around-the-fme-academy.challenge.title}",
        "description": "${modules.welcome-to-the-fme-academy.units.find-your-way-around-the-fme-academy.challenge.description}"
      }
    },
    {
      "id": "get-help-using-the-fme-academy",
      "title": "${modules.welcome-to-the-fme-academy.units.get-help-using-the-fme-academy.title}",
      "completion_time_mins": 5,
      "points": {
        "general": 50
      },
      "success": "${modules.welcome-to-the-fme-academy.units.get-help-using-the-fme-academy.success}",
      "challenge": {
        "title": "${modules.welcome-to-the-fme-academy.units.get-help-using-the-fme-academy.challenge.title}",
        "description": "${modules.welcome-to-the-fme-academy.units.get-help-using-the-fme-academy.challenge.description}"
      }
    }
  ]
}