{
  "id": "analyze-your-spatial-data",
  "type": "module",
  "title": "${modules.analyze-your-spatial-data.title}",
  "description": "${modules.analyze-your-spatial-data.description}",
  "badge_title": "${modules.analyze-your-spatial-data.badge_title}",
  "badge_url": "https://via.placeholder.com/150",
  "social": {
    
  },
  "filters": {
    "levels": [
      "beginner"
    ],
    "roles": [
      "dev"
    ],
    "tags": [
      "integration"
    ]
  },
  "category_filters": [
    "02671e85-9cf9-946a-6720-add3a5461f66"
  ],
  "units": [
    {
      "id": "spatial-joining-and-filtering-transformers",
      "title": "${modules.analyze-your-spatial-data.units.spatial-joining-and-filtering-transformers.title}",
      "completion_time_mins": 10,
      "points": {
        "integration": 100
      },
      "success": "${modules.analyze-your-spatial-data.units.spatial-joining-and-filtering-transformers.success}",
      "challenge": {
        "title": "${modules.analyze-your-spatial-data.units.spatial-joining-and-filtering-transformers.challenge.title}",
        "description": "${modules.analyze-your-spatial-data.units.spatial-joining-and-filtering-transformers.challenge.description}"
      }
    },
    {
      "id": "spatial-analysis-transformers",
      "title": "${modules.analyze-your-spatial-data.units.spatial-analysis-transformers.title}",
      "completion_time_mins": 10,
      "points": {
        "integration": 100
      },
      "success": "${modules.analyze-your-spatial-data.units.spatial-analysis-transformers.success}",
      "challenge": {
        "title": "${modules.analyze-your-spatial-data.units.spatial-analysis-transformers.challenge.title}",
        "description": "${modules.analyze-your-spatial-data.units.spatial-analysis-transformers.challenge.description}"
      }
    },
    {
      "id": "exercise-analyze-your-spatial-data",
      "title": "${modules.analyze-your-spatial-data.units.exercise-analyze-your-spatial-data.title}",
      "completion_time_mins": 10,
      "points": {
        "integration": 100
      },
      "success": "${modules.analyze-your-spatial-data.units.exercise-analyze-your-spatial-data.success}",
      "challenge": {
        "title": "${modules.analyze-your-spatial-data.units.exercise-analyze-your-spatial-data.challenge.title}",
        "description": "${modules.analyze-your-spatial-data.units.exercise-analyze-your-spatial-data.challenge.description}"
      }
    }
  ]
}