{
  "id": "integrate-your-spatial-data",
  "type": "trail",
  "icon_url": "https://via.placeholder.com/150",
  "color": "#083A63",
  "title": "${trails.integrate-your-spatial-data.title}",
  "about": "${trails.integrate-your-spatial-data.about}",
  "description": "${trails.integrate-your-spatial-data.description}",
  "filters": {
    "levels": [
      "beginner"
    ],
    "products": [
      "general"
    ],
    "roles": [
      "dev"
    ],
    "tags": [
      "integration"
    ]
  },
  "modules": [
    "learn-spatial-data-concepts",
    "turn-coordinates-into-geometry",
    "filter-and-join-your-spatial-data"
  ]
}