{
  "id": "integrate-your-spatial-data",
  "type": "trail",
  "icon_url": "https://via.placeholder.com/150",
  "color": "#64809A",
  "title": "${trails.integrate-your-spatial-data.title}",
  "about": "${trails.integrate-your-spatial-data.about}",
  "description": "${trails.integrate-your-spatial-data.description}",
  "filters": {
    "levels": [
      "beginner"
    ],
    "roles": [
      "dev"
    ],
    "tags": [
      "integration"
    ]
  },
  "category_filters": [
    "0277b02e-c351-66b5-2ebe-fc9a42760b1d"
  ],
  "modules": [
    "learn-spatial-data-concepts",
    "turn-coordinates-into-geometry",
    "analyze-your-spatial-data"
  ]
}