{
  "id": "digital-plan-submission",
  "type": "module",
  "title": "${modules.digital-plan-submission.title}",
  "description": "${modules.digital-plan-submission.description}",
  "badge_title": "${modules.digital-plan-submission.badge_title}",
  "badge_url": "https://via.placeholder.com/150",
  "social": {
    
  },
  "filters": {
    "levels": [
      "intermediate"
    ],
    "products": [
      "general"
    ],
    "roles": [
      "dev"
    ],
    "tags": [
      "integration"
    ]
  },
  "units": [
    {
      "id": "automating-digital-plan-submission",
      "title": "${modules.digital-plan-submission.units.automating-digital-plan-submission.title}",
      "completion_time_mins": 10,
      "points": {
        "integration": 100
      },
      "success": "${modules.digital-plan-submission.units.automating-digital-plan-submission.success}"
    },
    {
      "id": "validate-geometry-following-ogc-standards",
      "title": "${modules.digital-plan-submission.units.validate-geometry-following-ogc-standards.title}",
      "completion_time_mins": 10,
      "points": {
        "integration": 100
      },
      "success": "${modules.digital-plan-submission.units.validate-geometry-following-ogc-standards.success}"
    },
    {
      "id": "validate-attributes",
      "title": "${modules.digital-plan-submission.units.validate-attributes.title}",
      "completion_time_mins": 10,
      "points": {
        "integration": 100
      },
      "success": "${modules.digital-plan-submission.units.validate-attributes.success}"
    },
    {
      "id": "build-a-validation-report",
      "title": "${modules.digital-plan-submission.units.build-a-validation-report.title}",
      "completion_time_mins": 20,
      "points": {
        "integration": 200
      },
      "success": "${modules.digital-plan-submission.units.build-a-validation-report.success}"
    },
    {
      "id": "publish-your-validation-workflow-to-the-web",
      "title": "${modules.digital-plan-submission.units.publish-your-validation-workflow-to-the-web.title}",
      "completion_time_mins": 5,
      "points": {
        "integration": 50
      },
      "success": "${modules.digital-plan-submission.units.publish-your-validation-workflow-to-the-web.success}"
    }
  ]
}