{
  "id": "digital-plan-submission",
  "type": "module",
  "title": "${modules.digital-plan-submission.title}",
  "description": "${modules.digital-plan-submission.description}",
  "badge_title": "${modules.digital-plan-submission.badge_title}",
  "badge_url": "https://via.placeholder.com/150",
  "social": {
    
  },
  "filters": {
    "levels": [
      "intermediate"
    ],
    "products": [
      "general"
    ],
    "roles": [
      "dev"
    ],
    "tags": [
      "integration"
    ]
  },
  "units": [
    {
      "id": "automating-digital-plan-submission",
      "title": "${modules.digital-plan-submission.units.automating-digital-plan-submission.title}",
      "completion_time_mins": 10,
      "points": {
        "integration": 100
      },
      "success": "${modules.digital-plan-submission.units.automating-digital-plan-submission.success}"
    }
  ]
}