{
  "id": "welcome-to-the-fme-academy",
  "type": "module",
  "title": "${modules.welcome-to-the-fme-academy.title}",
  "description": "${modules.welcome-to-the-fme-academy.description}",
  "badge_title": "${modules.welcome-to-the-fme-academy.badge_title}",
  "badge_url": "https://dfc-static-production.s3.amazonaws.com/resource/images/trailhead/badges/modules/trailhead_mytrailhead_content_kit_welcome_to_xyz_learning.png",
  "social": {
    
  },
  "filters": {
    "levels": [
      "beginner"
    ],
    "products": [
      "general"
    ],
    "roles": [
      "dev"
    ],
    "tags": [
      "general"
    ]
  },
  "units": [
    {
      "id": "get-started-with-the-fme-academy",
      "title": "${modules.welcome-to-the-fme-academy.units.get-started-with-the-fme-academy.title}",
      "completion_time_mins": 5,
      "points": {
        "general": 50
      },
      "success": "${modules.welcome-to-the-fme-academy.units.get-started-with-the-fme-academy.success}",
      "challenge": {
        "title": "${modules.welcome-to-the-fme-academy.units.get-started-with-the-fme-academy.challenge.title}",
        "description": "${modules.welcome-to-the-fme-academy.units.get-started-with-the-fme-academy.challenge.description}"
      }
    },
    {
      "id": "find-your-way-around-the-fme-academy",
      "title": "${modules.welcome-to-the-fme-academy.units.find-your-way-around-the-fme-academy.title}",
      "completion_time_mins": 10,
      "points": {
        "general": 100
      },
      "success": "${modules.welcome-to-the-fme-academy.units.find-your-way-around-the-fme-academy.success}",
      "challenge": {
        "title": "${modules.welcome-to-the-fme-academy.units.find-your-way-around-the-fme-academy.challenge.title}",
        "description": "${modules.welcome-to-the-fme-academy.units.find-your-way-around-the-fme-academy.challenge.description}"
      }
    },
    {
      "id": "troubleshoot-and-find-answers-to-common-questions",
      "title": "${modules.welcome-to-the-fme-academy.units.troubleshoot-and-find-answers-to-common-questions.title}",
      "completion_time_mins": 5,
      "points": {
        "general": 50
      },
      "success": "${modules.welcome-to-the-fme-academy.units.troubleshoot-and-find-answers-to-common-questions.success}",
      "challenge": {
        "title": "${modules.welcome-to-the-fme-academy.units.troubleshoot-and-find-answers-to-common-questions.challenge.title}",
        "description": "${modules.welcome-to-the-fme-academy.units.troubleshoot-and-find-answers-to-common-questions.challenge.description}"
      }
    }
  ]
}