{
  "id": "welcome-to-the-fme-academy",
  "type": "module",
  "title": "${modules.welcome-to-the-fme-academy.title}",
  "description": "${modules.welcome-to-the-fme-academy.description}",
  "badge_title": "${modules.welcome-to-the-fme-academy.badge_title}",
  "badge_url": "https://s3.amazonaws.com/FMETraining/myTrailhead/badges/welcome-to-the-fme-academy.png",
  "social": {
    
  },
  "filters": {
    "levels": [
      "beginner"
    ],
    "roles": [
      "dev"
    ],
    "tags": [
      "general"
    ]
  },
  "category_filters": [
    "02671e85-9cf9-946a-6720-add3a5461f66"
  ],
  "units": [
    {
      "id": "get-started-with-the-fme-academy",
      "title": "${modules.welcome-to-the-fme-academy.units.get-started-with-the-fme-academy.title}",
      "completion_time_mins": 5,
      "points": {
        "general": 50
      },
      "success": "${modules.welcome-to-the-fme-academy.units.get-started-with-the-fme-academy.success}",
      "challenge": {
        "title": "${modules.welcome-to-the-fme-academy.units.get-started-with-the-fme-academy.challenge.title}",
        "description": "${modules.welcome-to-the-fme-academy.units.get-started-with-the-fme-academy.challenge.description}"
      }
    },
    {
      "id": "find-your-way-around-the-fme-academy",
      "title": "${modules.welcome-to-the-fme-academy.units.find-your-way-around-the-fme-academy.title}",
      "completion_time_mins": 10,
      "points": {
        "general": 100
      },
      "success": "${modules.welcome-to-the-fme-academy.units.find-your-way-around-the-fme-academy.success}",
      "challenge": {
        "title": "${modules.welcome-to-the-fme-academy.units.find-your-way-around-the-fme-academy.challenge.title}",
        "description": "${modules.welcome-to-the-fme-academy.units.find-your-way-around-the-fme-academy.challenge.description}"
      }
    },
    {
      "id": "get-help-using-the-fme-academy",
      "title": "${modules.welcome-to-the-fme-academy.units.get-help-using-the-fme-academy.title}",
      "completion_time_mins": 5,
      "points": {
        "general": 50
      },
      "success": "${modules.welcome-to-the-fme-academy.units.get-help-using-the-fme-academy.success}",
      "challenge": {
        "title": "${modules.welcome-to-the-fme-academy.units.get-help-using-the-fme-academy.challenge.title}",
        "description": "${modules.welcome-to-the-fme-academy.units.get-help-using-the-fme-academy.challenge.description}"
      }
    }
  ]
}