{
  "id": "learn-spatial-data-concepts",
  "type": "module",
  "title": "${modules.learn-spatial-data-concepts.title}",
  "description": "${modules.learn-spatial-data-concepts.description}",
  "badge_title": "${modules.learn-spatial-data-concepts.badge_title}",
  "badge_url": "https://via.placeholder.com/150",
  "social": {
    
  },
  "filters": {
    "levels": [
      "beginner"
    ],
    "products": [
      "general"
    ],
    "roles": [
      "dev"
    ],
    "tags": [
      "integration"
    ]
  },
  "units": [
    {
      "id": "what-is-spatial-data",
      "title": "${modules.learn-spatial-data-concepts.units.what-is-spatial-data.title}",
      "completion_time_mins": 10,
      "points": {
        "integration": 100
      },
      "success": "${modules.learn-spatial-data-concepts.units.what-is-spatial-data.success}"
    },
    {
      "id": "deriving-insight-through-spatial-analysis",
      "title": "${modules.learn-spatial-data-concepts.units.deriving-insight-through-spatial-analysis.title}",
      "completion_time_mins": 10,
      "points": {
        "integration": 100
      },
      "success": "${modules.learn-spatial-data-concepts.units.deriving-insight-through-spatial-analysis.success}"
    },
    {
      "id": "understanding-coordinate-systems",
      "title": "${modules.learn-spatial-data-concepts.units.understanding-coordinate-systems.title}",
      "completion_time_mins": 5,
      "points": {
        "integration": 50
      },
      "success": "${modules.learn-spatial-data-concepts.units.understanding-coordinate-systems.success}"
    },
    {
      "id": "using-coordinate-systems",
      "title": "${modules.learn-spatial-data-concepts.units.using-coordinate-systems.title}",
      "completion_time_mins": 10,
      "points": {
        "integration": 100
      },
      "success": "${modules.learn-spatial-data-concepts.units.using-coordinate-systems.success}"
    }
  ]
}