{
  "id": "learn-spatial-data-concepts",
  "type": "module",
  "title": "${modules.learn-spatial-data-concepts.title}",
  "description": "${modules.learn-spatial-data-concepts.description}",
  "badge_title": "${modules.learn-spatial-data-concepts.badge_title}",
  "badge_url": "https://s3.amazonaws.com/FMETraining/myTrailhead/badges/learn-spatial-data-concepts.png",
  "social": {
    
  },
  "filters": {
    "levels": [
      "beginner"
    ],
    "roles": [
      "dev"
    ],
    "tags": [
      "integration"
    ]
  },
  "category_filters": [
    "0277b02e-c351-66b5-2ebe-fc9a42760b1d"
  ],
  "units": [
    {
      "id": "what-is-spatial-data",
      "title": "${modules.learn-spatial-data-concepts.units.what-is-spatial-data.title}",
      "completion_time_mins": 10,
      "points": {
        "integration": 100
      },
      "success": "${modules.learn-spatial-data-concepts.units.what-is-spatial-data.success}",
      "challenge": {
        "title": "${modules.learn-spatial-data-concepts.units.what-is-spatial-data.challenge.title}",
        "description": "${modules.learn-spatial-data-concepts.units.what-is-spatial-data.challenge.description}"
      }
    },
    {
      "id": "obtain-insight-through-spatial-analysis",
      "title": "${modules.learn-spatial-data-concepts.units.obtain-insight-through-spatial-analysis.title}",
      "completion_time_mins": 10,
      "points": {
        "integration": 100
      },
      "success": "${modules.learn-spatial-data-concepts.units.obtain-insight-through-spatial-analysis.success}",
      "challenge": {
        "title": "${modules.learn-spatial-data-concepts.units.obtain-insight-through-spatial-analysis.challenge.title}",
        "description": "${modules.learn-spatial-data-concepts.units.obtain-insight-through-spatial-analysis.challenge.description}"
      }
    },
    {
      "id": "understand-coordinate-systems",
      "title": "${modules.learn-spatial-data-concepts.units.understand-coordinate-systems.title}",
      "completion_time_mins": 5,
      "points": {
        "integration": 50
      },
      "success": "${modules.learn-spatial-data-concepts.units.understand-coordinate-systems.success}",
      "challenge": {
        "title": "${modules.learn-spatial-data-concepts.units.understand-coordinate-systems.challenge.title}",
        "description": "${modules.learn-spatial-data-concepts.units.understand-coordinate-systems.challenge.description}"
      }
    },
    {
      "id": "distinguish-between-geographic-and-projected-coordinate-systems",
      "title": "${modules.learn-spatial-data-concepts.units.distinguish-between-geographic-and-projected-coordinate-systems.title}",
      "completion_time_mins": 10,
      "points": {
        "integration": 100
      },
      "success": "${modules.learn-spatial-data-concepts.units.distinguish-between-geographic-and-projected-coordinate-systems.success}",
      "challenge": {
        "title": "${modules.learn-spatial-data-concepts.units.distinguish-between-geographic-and-projected-coordinate-systems.challenge.title}",
        "description": "${modules.learn-spatial-data-concepts.units.distinguish-between-geographic-and-projected-coordinate-systems.challenge.description}"
      }
    },
    {
      "id": "work-with-coordinate-systems",
      "title": "${modules.learn-spatial-data-concepts.units.work-with-coordinate-systems.title}",
      "completion_time_mins": 5,
      "points": {
        "integration": 50
      },
      "success": "${modules.learn-spatial-data-concepts.units.work-with-coordinate-systems.success}",
      "challenge": {
        "title": "${modules.learn-spatial-data-concepts.units.work-with-coordinate-systems.challenge.title}",
        "description": "${modules.learn-spatial-data-concepts.units.work-with-coordinate-systems.challenge.description}"
      }
    },
    {
      "id": "exercise-use-coordinate-systems",
      "title": "${modules.learn-spatial-data-concepts.units.exercise-use-coordinate-systems.title}",
      "completion_time_mins": 10,
      "points": {
        "integration": 100
      },
      "success": "${modules.learn-spatial-data-concepts.units.exercise-use-coordinate-systems.success}",
      "challenge": {
        "title": "${modules.learn-spatial-data-concepts.units.exercise-use-coordinate-systems.challenge.title}",
        "description": "${modules.learn-spatial-data-concepts.units.exercise-use-coordinate-systems.challenge.description}"
      }
    }
  ]
}