{
  "id": "design-for-performance",
  "type": "module",
  "title": "${modules.design-for-performance.title}",
  "description": "${modules.design-for-performance.description}",
  "badge_title": "${modules.design-for-performance.badge_title}",
  "badge_url": "https://via.placeholder.com/150",
  "social": {
    
  },
  "filters": {
    "levels": [
      "intermediate"
    ],
    "roles": [
      "dev"
    ],
    "tags": [
      "integration"
    ]
  },
  "category_filters": [
    "027a470c-28d1-8207-d426-22bb0bf30ff7"
  ],
  "units": [
    {
      "id": "design-for-performance",
      "title": "${modules.design-for-performance.units.design-for-performance.title}",
      "completion_time_mins": 10,
      "points": {
        "integration": 100
      },
      "success": "${modules.design-for-performance.units.design-for-performance.success}"
    },
    {
      "id": "exercise-apply-performance-methodology",
      "title": "${modules.design-for-performance.units.exercise-apply-performance-methodology.title}",
      "completion_time_mins": 10,
      "points": {
        "integration": 100
      },
      "success": "${modules.design-for-performance.units.exercise-apply-performance-methodology.success}"
    },
    {
      "id": "separate-authoring-and-production-approaches",
      "title": "${modules.design-for-performance.units.separate-authoring-and-production-approaches.title}",
      "completion_time_mins": 5,
      "points": {
        "integration": 50
      },
      "success": "${modules.design-for-performance.units.separate-authoring-and-production-approaches.success}"
    },
    {
      "id": "assess-workspace-performance",
      "title": "${modules.design-for-performance.units.assess-workspace-performance.title}",
      "completion_time_mins": 10,
      "points": {
        "integration": 100
      },
      "success": "${modules.design-for-performance.units.assess-workspace-performance.success}"
    },
    {
      "id": "exercise-assess-workspace-performance",
      "title": "${modules.design-for-performance.units.exercise-assess-workspace-performance.title}",
      "completion_time_mins": 5,
      "points": {
        "integration": 50
      },
      "success": "${modules.design-for-performance.units.exercise-assess-workspace-performance.success}"
    },
    {
      "id": "use-batch-processing",
      "title": "${modules.design-for-performance.units.use-batch-processing.title}",
      "completion_time_mins": 5,
      "points": {
        "integration": 50
      },
      "success": "${modules.design-for-performance.units.use-batch-processing.success}"
    }
  ]
}