{
  "id": "view-your-data",
  "type": "module",
  "title": "${modules.view-your-data.title}",
  "description": "${modules.view-your-data.description}",
  "badge_title": "${modules.view-your-data.badge_title}",
  "badge_url": "https://via.placeholder.com/150",
  "social": {
    
  },
  "filters": {
    "levels": [
      "beginner"
    ],
    "products": [
      "general"
    ],
    "roles": [
      "dev"
    ],
    "tags": [
      "integration"
    ]
  },
  "units": [
    {
      "id": "viewing-your-data",
      "title": "${modules.view-your-data.units.viewing-your-data.title}",
      "completion_time_mins": 5,
      "points": {
        "integration": 50
      },
      "success": "${modules.view-your-data.units.viewing-your-data.success}"
    },
    {
      "id": "exercise-viewing-the-results-of-a-workflow",
      "title": "${modules.view-your-data.units.exercise-viewing-the-results-of-a-workflow.title}",
      "completion_time_mins": 10,
      "points": {
        "integration": 100
      },
      "success": "${modules.view-your-data.units.exercise-viewing-the-results-of-a-workflow.success}"
    },
    {
      "id": "customizing-your-view",
      "title": "${modules.view-your-data.units.customizing-your-view.title}",
      "completion_time_mins": 5,
      "points": {
        "integration": 50
      },
      "success": "${modules.view-your-data.units.customizing-your-view.success}"
    },
    {
      "id": "viewing-part-of-your-workflow",
      "title": "${modules.view-your-data.units.viewing-part-of-your-workflow.title}",
      "completion_time_mins": 5,
      "points": {
        "integration": 50
      },
      "success": "${modules.view-your-data.units.viewing-part-of-your-workflow.success}"
    },
    {
      "id": "exercise-customize-your-view",
      "title": "${modules.view-your-data.units.exercise-customize-your-view.title}",
      "completion_time_mins": 15,
      "points": {
        "integration": 150
      },
      "success": "${modules.view-your-data.units.exercise-customize-your-view.success}"
    }
  ]
}