{
  "id": "turn-coordinates-into-geometry",
  "type": "module",
  "title": "${modules.turn-coordinates-into-geometry.title}",
  "description": "${modules.turn-coordinates-into-geometry.description}",
  "badge_title": "${modules.turn-coordinates-into-geometry.badge_title}",
  "badge_url": "https://via.placeholder.com/150",
  "social": {
    
  },
  "filters": {
    "levels": [
      "beginner"
    ],
    "products": [
      "general"
    ],
    "roles": [
      "dev"
    ],
    "tags": [
      "integration"
    ]
  },
  "units": [
    {
      "id": "creating-spatial-geometry",
      "title": "${modules.turn-coordinates-into-geometry.units.creating-spatial-geometry.title}",
      "completion_time_mins": 5,
      "points": {
        "integration": 50
      },
      "success": "${modules.turn-coordinates-into-geometry.units.creating-spatial-geometry.success}"
    },
    {
      "id": "exercise-turn-coordinates-into-points",
      "title": "${modules.turn-coordinates-into-geometry.units.exercise-turn-coordinates-into-points.title}",
      "completion_time_mins": 5,
      "points": {
        "integration": 50
      },
      "success": "${modules.turn-coordinates-into-geometry.units.exercise-turn-coordinates-into-points.success}"
    },
    {
      "id": "exercise-turn-coordinates-into-lines",
      "title": "${modules.turn-coordinates-into-geometry.units.exercise-turn-coordinates-into-lines.title}",
      "completion_time_mins": 5,
      "points": {
        "integration": 50
      },
      "success": "${modules.turn-coordinates-into-geometry.units.exercise-turn-coordinates-into-lines.success}"
    },
    {
      "id": "exercise-turn-coordinates-into-polygons",
      "title": "${modules.turn-coordinates-into-geometry.units.exercise-turn-coordinates-into-polygons.title}",
      "completion_time_mins": 5,
      "points": {
        "integration": 50
      },
      "success": "${modules.turn-coordinates-into-geometry.units.exercise-turn-coordinates-into-polygons.success}"
    }
  ]
}