{
  "id": "turn-coordinates-into-geometry",
  "type": "module",
  "title": "${modules.turn-coordinates-into-geometry.title}",
  "description": "${modules.turn-coordinates-into-geometry.description}",
  "badge_title": "${modules.turn-coordinates-into-geometry.badge_title}",
  "badge_url": "https://s3.amazonaws.com/FMETraining/myTrailhead/badges/turn-coordinates-into-geometry.png",
  "social": {
    
  },
  "filters": {
    "levels": [
      "beginner"
    ],
    "roles": [
      "dev"
    ],
    "tags": [
      "integration"
    ]
  },
  "category_filters": [
    "0277b02e-c351-66b5-2ebe-fc9a42760b1d"
  ],
  "units": [
    {
      "id": "creating-spatial-geometry",
      "title": "${modules.turn-coordinates-into-geometry.units.creating-spatial-geometry.title}",
      "completion_time_mins": 5,
      "points": {
        "integration": 50
      },
      "success": "${modules.turn-coordinates-into-geometry.units.creating-spatial-geometry.success}",
      "challenge": {
        "title": "${modules.turn-coordinates-into-geometry.units.creating-spatial-geometry.challenge.title}",
        "description": "${modules.turn-coordinates-into-geometry.units.creating-spatial-geometry.challenge.description}"
      }
    },
    {
      "id": "exercise-turn-coordinates-into-points",
      "title": "${modules.turn-coordinates-into-geometry.units.exercise-turn-coordinates-into-points.title}",
      "completion_time_mins": 5,
      "points": {
        "integration": 50
      },
      "success": "${modules.turn-coordinates-into-geometry.units.exercise-turn-coordinates-into-points.success}",
      "challenge": {
        "title": "${modules.turn-coordinates-into-geometry.units.exercise-turn-coordinates-into-points.challenge.title}",
        "description": "${modules.turn-coordinates-into-geometry.units.exercise-turn-coordinates-into-points.challenge.description}"
      }
    },
    {
      "id": "exercise-turn-coordinates-into-lines",
      "title": "${modules.turn-coordinates-into-geometry.units.exercise-turn-coordinates-into-lines.title}",
      "completion_time_mins": 5,
      "points": {
        "integration": 50
      },
      "success": "${modules.turn-coordinates-into-geometry.units.exercise-turn-coordinates-into-lines.success}",
      "challenge": {
        "title": "${modules.turn-coordinates-into-geometry.units.exercise-turn-coordinates-into-lines.challenge.title}",
        "description": "${modules.turn-coordinates-into-geometry.units.exercise-turn-coordinates-into-lines.challenge.description}"
      }
    },
    {
      "id": "exercise-turn-coordinates-into-polygons",
      "title": "${modules.turn-coordinates-into-geometry.units.exercise-turn-coordinates-into-polygons.title}",
      "completion_time_mins": 5,
      "points": {
        "integration": 50
      },
      "success": "${modules.turn-coordinates-into-geometry.units.exercise-turn-coordinates-into-polygons.success}",
      "challenge": {
        "title": "${modules.turn-coordinates-into-geometry.units.exercise-turn-coordinates-into-polygons.challenge.title}",
        "description": "${modules.turn-coordinates-into-geometry.units.exercise-turn-coordinates-into-polygons.challenge.description}"
      }
    }
  ]
}