{
  "id": "turn-coordinates-into-geometry",
  "type": "module",
  "title": "${modules.turn-coordinates-into-geometry.title}",
  "description": "${modules.turn-coordinates-into-geometry.description}",
  "badge_title": "${modules.turn-coordinates-into-geometry.badge_title}",
  "badge_url": "https://image.flaticon.com/icons/png/512/1687/1687282.png",
  "social": {
    
  },
  "filters": {
    "levels": [
      "beginner"
    ],
    "roles": [
      "architect",
      "business-analyst",
      "user",
      "dev"
    ],
    "tags": [
      "general"
    ]
  },
  "category_filters": [
    "0277b02e-c351-66b5-2ebe-fc9a42760b1d"
  ],
  "units": [
    {
      "id": "the-methods-of-turning-coordinates-into-geometry",
      "title": "${modules.turn-coordinates-into-geometry.units.the-methods-of-turning-coordinates-into-geometry.title}",
      "completion_time_mins": 2,
      "points": {
        "general": 20
      },
      "success": "${modules.turn-coordinates-into-geometry.units.the-methods-of-turning-coordinates-into-geometry.success}"
    },
    {
      "id": "turn-coordinates-into-geometry-using-reader-parameters",
      "title": "${modules.turn-coordinates-into-geometry.units.turn-coordinates-into-geometry-using-reader-parameters.title}",
      "completion_time_mins": 3,
      "points": {
        "general": 30
      },
      "success": "${modules.turn-coordinates-into-geometry.units.turn-coordinates-into-geometry-using-reader-parameters.success}"
    },
    {
      "id": "turn-coordinates-into-geometry-using-the-vertexcreator",
      "title": "${modules.turn-coordinates-into-geometry.units.turn-coordinates-into-geometry-using-the-vertexcreator.title}",
      "completion_time_mins": 3,
      "points": {
        "general": 30
      },
      "success": "${modules.turn-coordinates-into-geometry.units.turn-coordinates-into-geometry-using-the-vertexcreator.success}"
    },
    {
      "id": "turn-coordinates-into-geometry-by-geocoding-addresses",
      "title": "${modules.turn-coordinates-into-geometry.units.turn-coordinates-into-geometry-by-geocoding-addresses.title}",
      "completion_time_mins": 5,
      "points": {
        "general": 50
      },
      "success": "${modules.turn-coordinates-into-geometry.units.turn-coordinates-into-geometry-by-geocoding-addresses.success}"
    },
    {
      "id": "create-line-features-from-points",
      "title": "${modules.turn-coordinates-into-geometry.units.create-line-features-from-points.title}",
      "completion_time_mins": 5,
      "points": {
        "general": 50
      },
      "success": "${modules.turn-coordinates-into-geometry.units.create-line-features-from-points.success}"
    },
    {
      "id": "create-polygon-features-from-points",
      "title": "${modules.turn-coordinates-into-geometry.units.create-polygon-features-from-points.title}",
      "completion_time_mins": 5,
      "points": {
        "general": 50
      },
      "success": "${modules.turn-coordinates-into-geometry.units.create-polygon-features-from-points.success}"
    }
  ]
}