{
  "id": "document-your-workspace",
  "type": "module",
  "title": "${modules.document-your-workspace.title}",
  "description": "${modules.document-your-workspace.description}",
  "badge_title": "${modules.document-your-workspace.badge_title}",
  "badge_url": "https://s3.amazonaws.com/FMETraining/myTrailhead/badges/document-your-workspace.png",
  "social": {
    
  },
  "filters": {
    "tags": [
      "integration"
    ]
  },
  "category_filters": [
    "0278ca45-b538-ff11-db9e-e52ee7dfa8eb",
    "0278ca45-b913-1bee-b847-57a25919ab87",
    "027a470c-28d1-8207-d426-22bb0bf30ff7"
  ],
  "units": [
    {
      "id": "design-readable-workspaces",
      "title": "${modules.document-your-workspace.units.design-readable-workspaces.title}",
      "completion_time_mins": 15,
      "points": {
        "integration": 150
      },
      "success": "${modules.document-your-workspace.units.design-readable-workspaces.success}",
      "challenge": {
        "title": "${modules.document-your-workspace.units.design-readable-workspaces.challenge.title}",
        "description": "${modules.document-your-workspace.units.design-readable-workspaces.challenge.description}"
      }
    },
    {
      "id": "use-connections-effectively",
      "title": "${modules.document-your-workspace.units.use-connections-effectively.title}",
      "completion_time_mins": 10,
      "points": {
        "integration": 100
      },
      "success": "${modules.document-your-workspace.units.use-connections-effectively.success}",
      "challenge": {
        "title": "${modules.document-your-workspace.units.use-connections-effectively.challenge.title}",
        "description": "${modules.document-your-workspace.units.use-connections-effectively.challenge.description}"
      }
    },
    {
      "id": "annotate-your-workspaces",
      "title": "${modules.document-your-workspace.units.annotate-your-workspaces.title}",
      "completion_time_mins": 10,
      "points": {
        "integration": 100
      },
      "success": "${modules.document-your-workspace.units.annotate-your-workspaces.success}",
      "challenge": {
        "title": "${modules.document-your-workspace.units.annotate-your-workspaces.challenge.title}",
        "description": "${modules.document-your-workspace.units.annotate-your-workspaces.challenge.description}"
      }
    },
    {
      "id": "organize-workspaces-with-bookmarks",
      "title": "${modules.document-your-workspace.units.organize-workspaces-with-bookmarks.title}",
      "completion_time_mins": 5,
      "points": {
        "general": 50
      },
      "success": "${modules.document-your-workspace.units.organize-workspaces-with-bookmarks.success}",
      "challenge": {
        "title": "${modules.document-your-workspace.units.organize-workspaces-with-bookmarks.challenge.title}",
        "description": "${modules.document-your-workspace.units.organize-workspaces-with-bookmarks.challenge.description}"
      }
    },
    {
      "id": "improve-workspaces-with-bookmarks",
      "title": "${modules.document-your-workspace.units.improve-workspaces-with-bookmarks.title}",
      "completion_time_mins": 10,
      "points": {
        "general": 100
      },
      "success": "${modules.document-your-workspace.units.improve-workspaces-with-bookmarks.success}",
      "challenge": {
        "title": "${modules.document-your-workspace.units.improve-workspaces-with-bookmarks.challenge.title}",
        "description": "${modules.document-your-workspace.units.improve-workspaces-with-bookmarks.challenge.description}"
      }
    },
    {
      "id": "exercise-improving-workspace-style",
      "title": "${modules.document-your-workspace.units.exercise-improving-workspace-style.title}",
      "completion_time_mins": 20,
      "points": {
        "integration": 200
      },
      "success": "${modules.document-your-workspace.units.exercise-improving-workspace-style.success}",
      "challenge": {
        "title": "${modules.document-your-workspace.units.exercise-improving-workspace-style.challenge.title}",
        "description": "${modules.document-your-workspace.units.exercise-improving-workspace-style.challenge.description}"
      }
    }
  ]
}